,job_id,job_locations,Latitude,Longitude
0,270735,Agra,27.1752554,78.0098161
1,270736,Agra,27.1752554,78.0098161
2,272101,Bangalore,12.9767936,77.590082
3,270555,Bangalore,12.9767936,77.590082
4,270071,Mumbai,19.0785451,72.878176
5,270076,Bangalore,12.9767936,77.590082
6,271146,Hyderabad,17.360589,78.4740613
7,271149,Hyderabad,17.360589,78.4740613
8,270726,Bangalore,12.9767936,77.590082
9,270725,Bangalore,12.9767936,77.590082
10,267703,Hyderabad,17.360589,78.4740613
11,267707,Chennai,13.0836939,80.270186
12,266323,Amritsar,31.6343083,74.8736788
13,268766,Mumbai,19.0785451,72.878176
14,268671,Bathinda,30.206791,74.9463699
15,268765,Ahmedabad,23.0216238,72.5797068
16,267411,Gurgaon,28.4646148,77.0299194
17,267403,Mumbai,19.0785451,72.878176
18,269568,Bangalore,12.9767936,77.590082
19,268362,Agra,27.1752554,78.0098161
20,272515,Agra,27.1752554,78.0098161
21,272510,Pune,18.521428,73.8544541
22,272512,Bangalore,12.9767936,77.590082
23,272524,Bangalore,12.9767936,77.590082
24,265683,Gurgaon,28.4646148,77.0299194
25,272508,Bangalore,12.9767936,77.590082
26,264370,Bangalore,12.9767936,77.590082
27,272509,Hyderabad,17.360589,78.4740613
28,272525,Hyderabad,17.360589,78.4740613
29,272523,Hyderabad,17.360589,78.4740613
30,272468,Bangalore,12.9767936,77.590082
31,272483,Mumbai,19.0785451,72.878176
32,272485,Bangalore,12.9767936,77.590082
33,272489,Pune,18.521428,73.8544541
34,272474,Pune,18.521428,73.8544541
35,272469,Bangalore,12.9767936,77.590082
36,272504,Noida,28.5706333,77.3272147
37,272479,Bangalore,12.9767936,77.590082
38,272465,Bangalore,12.9767936,77.590082
39,272499,Bangalore,12.9767936,77.590082
40,272455,Bangalore,12.9767936,77.590082
41,272456,Bangalore,12.9767936,77.590082
42,272459,Bangalore,12.9767936,77.590082
43,272443,Bangalore,12.9767936,77.590082
44,272446,Bangalore,12.9767936,77.590082
45,272449,Agra,27.1752554,78.0098161
46,272462,Bangalore,12.9767936,77.590082
47,272444,Gurgaon,28.4646148,77.0299194
48,272458,Bangalore,12.9767936,77.590082
49,272463,Pune,18.521428,73.8544541
50,272420,Bangalore,12.9767936,77.590082
51,272424,Agra,27.1752554,78.0098161
52,272435,Bangalore,12.9767936,77.590082
53,272441,Pune,18.521428,73.8544541
54,272437,Noida,28.5706333,77.3272147
55,272430,Bangalore,12.9767936,77.590082
56,272423,Agra,27.1752554,78.0098161
57,272442,Mumbai,19.0785451,72.878176
58,272428,Bangalore,12.9767936,77.590082
59,272409,Noida,28.5706333,77.3272147
60,272414,Bangalore,12.9767936,77.590082
61,272416,Mumbai,19.0785451,72.878176
62,272418,Agra,27.1752554,78.0098161
63,272405,Hyderabad,17.360589,78.4740613
64,272406,Bangalore,12.9767936,77.590082
65,272407,Bangalore,12.9767936,77.590082
66,272408,Bangalore,12.9767936,77.590082
67,272419,Bangalore,12.9767936,77.590082
68,272391,Noida,28.5706333,77.3272147
69,272399,Bangalore,12.9767936,77.590082
70,272396,Pune,18.521428,73.8544541
71,272390,Mumbai,19.0785451,72.878176
72,272393,Bangalore,12.9767936,77.590082
73,272388,Hyderabad,17.360589,78.4740613
74,272386,Bangalore,12.9767936,77.590082
75,272395,Bangalore,12.9767936,77.590082
76,272394,Bangalore,12.9767936,77.590082
77,272397,Bangalore,12.9767936,77.590082
78,272398,Bangalore,12.9767936,77.590082
79,272400,Agra,27.1752554,78.0098161
80,272384,Bangalore,12.9767936,77.590082
81,272379,Bangalore,12.9767936,77.590082
82,272377,Bangalore,12.9767936,77.590082
83,272378,Mumbai,19.0785451,72.878176
84,272380,Hyderabad,17.360589,78.4740613
85,272381,Bangalore,12.9767936,77.590082
86,272383,Bangalore,12.9767936,77.590082
87,272374,Bangalore,12.9767936,77.590082
88,272363,Gurgaon,28.4646148,77.0299194
89,272370,Bangalore,12.9767936,77.590082
90,272364,Bangalore,12.9767936,77.590082
91,272368,Bangalore,12.9767936,77.590082
92,272375,Bangalore,12.9767936,77.590082
93,272367,Gurgaon,28.4646148,77.0299194
94,272373,Noida,28.5706333,77.3272147
95,272371,Bangalore,12.9767936,77.590082
96,272376,Bangalore,12.9767936,77.590082
97,272347,Noida,28.5706333,77.3272147
98,272343,Patna,25.6093239,85.1235252
99,272359,Bangalore,12.9767936,77.590082
100,272361,Bangalore,12.9767936,77.590082
101,272353,Bangalore,12.9767936,77.590082
102,272349,Bangalore,12.9767936,77.590082
103,272348,Bangalore,12.9767936,77.590082
104,272346,Chennai,13.0836939,80.270186
105,272345,Kanpur,26.4609135,80.3217588
106,272358,Hyderabad,17.360589,78.4740613
107,272333,Gurgaon,28.4646148,77.0299194
108,272338,Bangalore,12.9767936,77.590082
109,272339,Bangalore,12.9767936,77.590082
110,272328,Delhi,28.6273928,77.1716954
111,272336,Hyderabad,17.360589,78.4740613
112,272330,Udaipur,24.578721,73.6862571
113,272329,Bangalore,12.9767936,77.590082
114,272332,Delhi,28.6273928,77.1716954
115,272319,Agra,27.1752554,78.0098161
116,272316,Bangalore,12.9767936,77.590082
117,272320,Bangalore,12.9767936,77.590082
118,272322,Delhi,28.6273928,77.1716954
119,272326,Hyderabad,17.360589,78.4740613
120,272325,Chennai,13.0836939,80.270186
121,272317,Delhi,28.6273928,77.1716954
122,272313,Hyderabad,17.360589,78.4740613
123,272314,Bangalore,12.9767936,77.590082
124,272308,Delhi,28.6273928,77.1716954
125,272312,Bangalore,12.9767936,77.590082
126,272310,Bangalore,12.9767936,77.590082
127,272311,Noida,28.5706333,77.3272147
128,272306,Mumbai,19.0785451,72.878176
129,272309,Jaipur,26.9154576,75.8189817
130,272307,Bangalore,12.9767936,77.590082
131,272315,Bangalore,12.9767936,77.590082
132,272305,Bangalore,12.9767936,77.590082
133,272299,Gurgaon,28.4646148,77.0299194
134,272293,Chandigarh,30.7334421,76.7797143
135,272294,Kolkata,22.5726459,88.3638953
136,272295,Anand,22.5586555,72.9627227
137,272303,Hyderabad,17.360589,78.4740613
138,272296,Navi Mumbai,19.0308262,73.0198537
139,272302,Delhi,28.6273928,77.1716954
140,272304,Mumbai,19.0785451,72.878176
141,272301,Delhi,28.6273928,77.1716954
142,272281,Ahmedabad,23.0216238,72.5797068
143,272283,Bangalore,12.9767936,77.590082
144,272286,Mumbai,19.0785451,72.878176
145,272289,Bangalore,12.9767936,77.590082
146,272284,Bangalore,12.9767936,77.590082
147,272291,Bangalore,12.9767936,77.590082
148,272288,Bangalore,12.9767936,77.590082
149,272290,Agra,27.1752554,78.0098161
150,272282,Bangalore,12.9767936,77.590082
151,272292,Bangalore,12.9767936,77.590082
152,272279,Ahmedabad,23.0216238,72.5797068
153,272271,Mumbai,19.0785451,72.878176
154,272267,Bangalore,12.9767936,77.590082
155,272273,Bangalore,12.9767936,77.590082
156,272278,Bangalore,12.9767936,77.590082
157,272265,Hyderabad,17.360589,78.4740613
158,272280,Bangalore,12.9767936,77.590082
159,272274,Gurgaon,28.4646148,77.0299194
160,272266,Bangalore,12.9767936,77.590082
161,272270,Gurgaon,28.4646148,77.0299194
162,272257,Chandigarh,30.7334421,76.7797143
163,272263,Chennai,13.0836939,80.270186
164,272255,Bangalore,12.9767936,77.590082
165,272258,Bangalore,12.9767936,77.590082
166,272262,Bangalore,12.9767936,77.590082
167,272256,Bangalore,12.9767936,77.590082
168,272261,Bangalore,12.9767936,77.590082
169,272264,Bangalore,12.9767936,77.590082
170,272260,Bangalore,12.9767936,77.590082
171,272254,Bangalore,12.9767936,77.590082
172,272247,Pune,18.521428,73.8544541
173,272253,Pune,18.521428,73.8544541
174,272252,Gurgaon,28.4646148,77.0299194
175,272245,Noida,28.5706333,77.3272147
176,272242,Delhi,28.6273928,77.1716954
177,272239,Agra,27.1752554,78.0098161
178,272251,Bangalore,12.9767936,77.590082
179,272248,Bangalore,12.9767936,77.590082
180,272249,Agra,27.1752554,78.0098161
181,272243,Delhi,28.6273928,77.1716954
182,272231,Bangalore,12.9767936,77.590082
183,272227,Bangalore,12.9767936,77.590082
184,272232,Delhi,28.6273928,77.1716954
185,272233,Agra,27.1752554,78.0098161
186,272237,Bangalore,12.9767936,77.590082
187,272236,Chennai,13.0836939,80.270186
188,272228,Bangalore,12.9767936,77.590082
189,272230,Gurgaon,28.4646148,77.0299194
190,272235,Gurgaon,28.4646148,77.0299194
191,272215,Hyderabad,17.360589,78.4740613
192,272218,Hyderabad,17.360589,78.4740613
193,272225,Gurgaon,28.4646148,77.0299194
194,272222,Agra,27.1752554,78.0098161
195,272217,Bangalore,12.9767936,77.590082
196,272216,Bangalore,12.9767936,77.590082
197,272221,Noida,28.5706333,77.3272147
198,272220,Bangalore,12.9767936,77.590082
199,272203,Bangalore,12.9767936,77.590082
200,272209,Greater Noida,28.4670734,77.5137649
201,272206,Agra,27.1752554,78.0098161
202,272211,Bangalore,12.9767936,77.590082
203,272207,Hyderabad,17.360589,78.4740613
204,272204,Bangalore,12.9767936,77.590082
205,272205,Gurgaon,28.4646148,77.0299194
206,272208,Hyderabad,17.360589,78.4740613
207,272213,Mumbai,19.0785451,72.878176
208,272212,Hyderabad,17.360589,78.4740613
209,272197,Agra,27.1752554,78.0098161
210,272198,Pune,18.521428,73.8544541
211,272194,Pune,18.521428,73.8544541
212,272200,Bangalore,12.9767936,77.590082
213,272185,Agra,27.1752554,78.0098161
214,272196,Bangalore,12.9767936,77.590082
215,272192,Bangalore,12.9767936,77.590082
216,272184,Hyderabad,17.360589,78.4740613
217,272189,Pune,18.521428,73.8544541
218,272195,Bangalore,12.9767936,77.590082
219,272173,Hyderabad,17.360589,78.4740613
220,272175,Mumbai,19.0785451,72.878176
221,272170,Bangalore,12.9767936,77.590082
222,272169,Bangalore,12.9767936,77.590082
223,272171,Navi Mumbai,19.0308262,73.0198537
224,272179,Bangalore,12.9767936,77.590082
225,272172,Bangalore,12.9767936,77.590082
226,272177,Ahmedabad,23.0216238,72.5797068
227,272178,Noida,28.5706333,77.3272147
228,272162,Bangalore,12.9767936,77.590082
229,272164,Bangalore,12.9767936,77.590082
230,272163,Bangalore,12.9767936,77.590082
231,272156,Trivandrum,8.4882267,76.947551
232,272167,Gurgaon,28.4646148,77.0299194
233,272160,Delhi,28.6273928,77.1716954
234,272168,Bangalore,12.9767936,77.590082
235,272157,Chennai,13.0836939,80.270186
236,272158,Gurgaon,28.4646148,77.0299194
237,272149,Pune,18.521428,73.8544541
238,272144,Bangalore,12.9767936,77.590082
239,272155,Kochi,9.9674277,76.2454436
240,272148,Gurgaon,28.4646148,77.0299194
241,272145,Bangalore,12.9767936,77.590082
242,272146,Agra,27.1752554,78.0098161
243,272152,Coimbatore,11.0018115,76.9628425
244,272150,Bangalore,12.9767936,77.590082
245,272151,Bangalore,12.9767936,77.590082
246,272147,Agra,27.1752554,78.0098161
247,272140,Noida,28.5706333,77.3272147
248,272138,Bangalore,12.9767936,77.590082
249,272131,Bangalore,12.9767936,77.590082
250,272136,Bangalore,12.9767936,77.590082
251,272141,Bangalore,12.9767936,77.590082
252,272134,Bangalore,12.9767936,77.590082
253,272135,Bangalore,12.9767936,77.590082
254,272137,Bangalore,12.9767936,77.590082
255,272139,Bangalore,12.9767936,77.590082
256,272133,Noida,28.5706333,77.3272147
257,272125,Gurgaon,28.4646148,77.0299194
258,272122,Bangalore,12.9767936,77.590082
259,272118,Bangalore,12.9767936,77.590082
260,272120,Agra,27.1752554,78.0098161
261,272123,Mumbai,19.0785451,72.878176
262,272129,Bangalore,12.9767936,77.590082
263,272128,Bangalore,12.9767936,77.590082
264,272116,Bangalore,12.9767936,77.590082
265,272130,Bangalore,12.9767936,77.590082
266,272119,Bangalore,12.9767936,77.590082
267,272106,Ahmedabad,23.0216238,72.5797068
268,272107,Ahmedabad,23.0216238,72.5797068
269,272108,Ahmedabad,23.0216238,72.5797068
270,272109,Ahmedabad,23.0216238,72.5797068
271,272102,Bangalore,12.9767936,77.590082
272,272115,Bangalore,12.9767936,77.590082
273,272113,Delhi,28.6273928,77.1716954
274,272095,Delhi,28.6273928,77.1716954
275,272112,Bangalore,12.9767936,77.590082
276,272105,Hyderabad,17.360589,78.4740613
277,272085,Hyderabad,17.360589,78.4740613
278,272083,Bangalore,12.9767936,77.590082
279,272087,Coimbatore,11.0018115,76.9628425
280,272086,Coimbatore,11.0018115,76.9628425
281,272088,Coimbatore,11.0018115,76.9628425
282,272082,Bangalore,12.9767936,77.590082
283,272092,Bangalore,12.9767936,77.590082
284,272084,Gurgaon,28.4646148,77.0299194
285,272090,Bangalore,12.9767936,77.590082
286,272093,Bangalore,12.9767936,77.590082
287,272077,Agra,27.1752554,78.0098161
288,272078,Agra,27.1752554,78.0098161
289,272076,Bangalore,12.9767936,77.590082
290,272070,Pune,18.521428,73.8544541
291,272075,Bangalore,12.9767936,77.590082
292,272073,Mumbai,19.0785451,72.878176
293,272081,Bangalore,12.9767936,77.590082
294,272071,Bangalore,12.9767936,77.590082
295,272079,Agra,27.1752554,78.0098161
296,272072,Delhi,28.6273928,77.1716954
297,272069,Mumbai,19.0785451,72.878176
298,272062,Bangalore,12.9767936,77.590082
299,272068,Bangalore,12.9767936,77.590082
300,272059,Bangalore,12.9767936,77.590082
301,272060,Bangalore,12.9767936,77.590082
302,272063,Bangalore,12.9767936,77.590082
303,272058,Gurgaon,28.4646148,77.0299194
304,272065,Bangalore,12.9767936,77.590082
305,272056,Bangalore,12.9767936,77.590082
306,272051,Gurgaon,28.4646148,77.0299194
307,272045,Mumbai,19.0785451,72.878176
308,272049,Greater Noida,28.4670734,77.5137649
309,272052,Bangalore,12.9767936,77.590082
310,272048,Agra,27.1752554,78.0098161
311,272055,Bangalore,12.9767936,77.590082
312,272044,Delhi,28.6273928,77.1716954
313,272050,Mumbai,19.0785451,72.878176
314,272053,Ahmedabad,23.0216238,72.5797068
315,272054,Bangalore,12.9767936,77.590082
316,272041,Gurgaon,28.4646148,77.0299194
317,272033,Agra,27.1752554,78.0098161
318,272040,Bangalore,12.9767936,77.590082
319,272034,Navi Mumbai,19.0308262,73.0198537
320,272039,Bangalore,12.9767936,77.590082
321,272043,Bangalore,12.9767936,77.590082
322,272036,Gurgaon,28.4646148,77.0299194
323,272037,Bangalore,12.9767936,77.590082
324,272038,Mumbai,19.0785451,72.878176
325,272027,Mumbai,19.0785451,72.878176
326,272028,Pune,18.521428,73.8544541
327,272032,Delhi,28.6273928,77.1716954
328,272031,Kochi,9.9674277,76.2454436
329,272026,Cochin,9.9674277,76.2454436
330,272023,Bangalore,12.9767936,77.590082
331,272024,Bangalore,12.9767936,77.590082
332,272029,Bangalore,12.9767936,77.590082
333,272022,Bangalore,12.9767936,77.590082
334,272030,Chennai,13.0836939,80.270186
335,272016,Bangalore,12.9767936,77.590082
336,272019,Hyderabad,17.360589,78.4740613
337,272021,Bangalore,12.9767936,77.590082
338,272013,Gurgaon,28.4646148,77.0299194
339,272012,Delhi,28.6273928,77.1716954
340,272017,Bangalore,12.9767936,77.590082
341,272014,Gurgaon,28.4646148,77.0299194
342,272011,Agra,27.1752554,78.0098161
343,272018,Delhi,28.6273928,77.1716954
344,272000,Gurgaon,28.4646148,77.0299194
345,272010,Agra,27.1752554,78.0098161
346,272002,Bangalore,12.9767936,77.590082
347,272001,Hyderabad,17.360589,78.4740613
348,272004,Mumbai,19.0785451,72.878176
349,272009,Bangalore,12.9767936,77.590082
350,272006,Mumbai,19.0785451,72.878176
351,272008,Bangalore,12.9767936,77.590082
352,271999,Bangalore,12.9767936,77.590082
353,272003,Bangalore,12.9767936,77.590082
354,271993,Agra,27.1752554,78.0098161
355,271997,Chennai,13.0836939,80.270186
356,271998,Hyderabad,17.360589,78.4740613
357,271988,Noida,28.5706333,77.3272147
358,271992,Agra,27.1752554,78.0098161
359,271986,Allahabad,25.4381302,81.8338005
360,271990,Bangalore,12.9767936,77.590082
361,271995,Bangalore,12.9767936,77.590082
362,271989,Bangalore,12.9767936,77.590082
363,271991,Mumbai,19.0785451,72.878176
364,271985,Bangalore,12.9767936,77.590082
365,271977,Bangalore,12.9767936,77.590082
366,271983,Pune,18.521428,73.8544541
367,271981,Pune,18.521428,73.8544541
368,271979,Pune,18.521428,73.8544541
369,271984,Bangalore,12.9767936,77.590082
370,271982,Bangalore,12.9767936,77.590082
371,271980,Agra,27.1752554,78.0098161
372,271978,Bangalore,12.9767936,77.590082
373,271970,Noida,28.5706333,77.3272147
374,271969,Noida,28.5706333,77.3272147
375,271964,Noida,28.5706333,77.3272147
376,271976,Pune,18.521428,73.8544541
377,271974,Pune,18.521428,73.8544541
378,271971,Gurgaon,28.4646148,77.0299194
379,271967,Noida,28.5706333,77.3272147
380,271965,Gurgaon,28.4646148,77.0299194
381,271973,Ernakulam,9.98408,76.2741457
382,271962,Gurgaon,28.4646148,77.0299194
383,271958,Gurgaon,28.4646148,77.0299194
384,271950,Bangalore,12.9767936,77.590082
385,271960,Bangalore,12.9767936,77.590082
386,271956,Agra,27.1752554,78.0098161
387,271952,Chennai,13.0836939,80.270186
388,271951,Bangalore,12.9767936,77.590082
389,271961,Gurgaon,28.4646148,77.0299194
390,271955,Bangalore,12.9767936,77.590082
391,271953,Mumbai,19.0785451,72.878176
392,271949,Kolkata,22.5726459,88.3638953
393,271942,Pune,18.521428,73.8544541
394,271939,Bangalore,12.9767936,77.590082
395,271946,Ludhiana,30.87385735,75.79462769248263
396,271936,Hyderabad,17.360589,78.4740613
397,271938,Bangalore,12.9767936,77.590082
398,271947,Bangalore,12.9767936,77.590082
399,271948,Bangalore,12.9767936,77.590082
400,271945,Bangalore,12.9767936,77.590082
401,271944,Bangalore,12.9767936,77.590082
402,271933,Kolkata,22.5726459,88.3638953
403,271934,Chennai,13.0836939,80.270186
404,271926,Chennai,13.0836939,80.270186
405,271927,Bangalore,12.9767936,77.590082
406,271935,Bangalore,12.9767936,77.590082
407,271930,Bangalore,12.9767936,77.590082
408,271929,Bangalore,12.9767936,77.590082
409,271932,Bangalore,12.9767936,77.590082
410,271928,Bangalore,12.9767936,77.590082
411,271925,Bangalore,12.9767936,77.590082
412,271915,Bangalore,12.9767936,77.590082
413,271913,Bangalore,12.9767936,77.590082
414,271920,Bangalore,12.9767936,77.590082
415,271917,Mumbai,19.0785451,72.878176
416,271909,Hyderabad,17.360589,78.4740613
417,271921,Bangalore,12.9767936,77.590082
418,271916,Pune,18.521428,73.8544541
419,271914,Bangalore,12.9767936,77.590082
420,271911,Bangalore,12.9767936,77.590082
421,271922,Bangalore,12.9767936,77.590082
422,271903,Bangalore,12.9767936,77.590082
423,271900,Mumbai,19.0785451,72.878176
424,271904,Delhi,28.6273928,77.1716954
425,271897,Mumbai,19.0785451,72.878176
426,271899,Delhi,28.6273928,77.1716954
427,271898,Bangalore,12.9767936,77.590082
428,271907,Ahmedabad,23.0216238,72.5797068
429,271902,Mumbai,19.0785451,72.878176
430,271901,Bangalore,12.9767936,77.590082
431,271895,Pune,18.521428,73.8544541
432,271890,Mumbai,19.0785451,72.878176
433,271885,Gurgaon,28.4646148,77.0299194
434,271894,Agra,27.1752554,78.0098161
435,271883,Chennai,13.0836939,80.270186
436,271882,Bangalore,12.9767936,77.590082
437,271889,Bangalore,12.9767936,77.590082
438,271888,Agra,27.1752554,78.0098161
439,271893,Agra,27.1752554,78.0098161
440,271892,Delhi,28.6273928,77.1716954
441,271891,Bangalore,12.9767936,77.590082
442,271871,Gurgaon,28.4646148,77.0299194
443,271879,Bangalore,12.9767936,77.590082
444,271870,Chennai,13.0836939,80.270186
445,271874,Bangalore,12.9767936,77.590082
446,271876,Mumbai,19.0785451,72.878176
447,271872,Mumbai,19.0785451,72.878176
448,271875,Pune,18.521428,73.8544541
449,271877,Pune,18.521428,73.8544541
450,271881,Agra,27.1752554,78.0098161
451,271880,Bangalore,12.9767936,77.590082
452,271864,Bangalore,12.9767936,77.590082
453,271863,Agra,27.1752554,78.0098161
454,271865,Noida,28.5706333,77.3272147
455,271860,Noida,28.5706333,77.3272147
456,271869,Bangalore,12.9767936,77.590082
457,271861,Bangalore,12.9767936,77.590082
458,271867,Bangalore,12.9767936,77.590082
459,271868,Pune,18.521428,73.8544541
460,271862,Bangalore,12.9767936,77.590082
461,271859,Bangalore,12.9767936,77.590082
462,271856,Gurgaon,28.4646148,77.0299194
463,271854,Bangalore,12.9767936,77.590082
464,271853,Panaji,15.4989946,73.8282141
465,271851,Bangalore,12.9767936,77.590082
466,271858,Chennai,13.0836939,80.270186
467,271849,Bangalore,12.9767936,77.590082
468,271850,Agra,27.1752554,78.0098161
469,271841,Agra,27.1752554,78.0098161
470,271845,Bangalore,12.9767936,77.590082
471,271847,Bangalore,12.9767936,77.590082
472,271843,Bangalore,12.9767936,77.590082
473,271842,Bangalore,12.9767936,77.590082
474,271846,Bangalore,12.9767936,77.590082
475,271848,Mumbai,19.0785451,72.878176
476,271839,Bangalore,12.9767936,77.590082
477,271832,Hyderabad,17.360589,78.4740613
478,271825,Bangalore,12.9767936,77.590082
479,271826,Bangalore,12.9767936,77.590082
480,271831,Bangalore,12.9767936,77.590082
481,271833,Bangalore,12.9767936,77.590082
482,271834,Bangalore,12.9767936,77.590082
483,271828,Bangalore,12.9767936,77.590082
484,271838,Bangalore,12.9767936,77.590082
485,271829,Bangalore,12.9767936,77.590082
486,271830,Bangalore,12.9767936,77.590082
487,271820,Bangalore,12.9767936,77.590082
488,271817,Bangalore,12.9767936,77.590082
489,271824,Mumbai,19.0785451,72.878176
490,271816,Mumbai,19.0785451,72.878176
491,271822,Bangalore,12.9767936,77.590082
492,271815,Mumbai,19.0785451,72.878176
493,271818,Noida,28.5706333,77.3272147
494,271823,Agra,27.1752554,78.0098161
495,271814,Bangalore,12.9767936,77.590082
496,271819,Bangalore,12.9767936,77.590082
497,271813,Pune,18.521428,73.8544541
498,271804,Agra,27.1752554,78.0098161
499,271799,Pune,18.521428,73.8544541
500,271803,Noida,28.5706333,77.3272147
501,271809,Bangalore,12.9767936,77.590082
502,271810,Bangalore,12.9767936,77.590082
503,271797,Gurgaon,28.4646148,77.0299194
504,271811,Bangalore,12.9767936,77.590082
505,271812,Bangalore,12.9767936,77.590082
506,271795,Bangalore,12.9767936,77.590082
507,271796,Bangalore,12.9767936,77.590082
508,271789,Bangalore,12.9767936,77.590082
509,271793,Bangalore,12.9767936,77.590082
510,271790,Hyderabad,17.360589,78.4740613
511,271794,Agra,27.1752554,78.0098161
512,271791,Bangalore,12.9767936,77.590082
513,271780,Bangalore,12.9767936,77.590082
514,271778,Bangalore,12.9767936,77.590082
515,271782,Mumbai,19.0785451,72.878176
516,271785,Bangalore,12.9767936,77.590082
517,271786,Bangalore,12.9767936,77.590082
518,271779,Agra,27.1752554,78.0098161
519,271781,Bangalore,12.9767936,77.590082
520,271784,Bangalore,12.9767936,77.590082
521,271770,Pune,18.521428,73.8544541
522,271773,Gurgaon,28.4646148,77.0299194
523,271776,Bangalore,12.9767936,77.590082
524,271774,Delhi,28.6273928,77.1716954
525,271777,Bangalore,12.9767936,77.590082
526,271771,Gurgaon,28.4646148,77.0299194
527,271763,Noida,28.5706333,77.3272147
528,271766,Bangalore,12.9767936,77.590082
529,271764,Bangalore,12.9767936,77.590082
530,271767,Delhi,28.6273928,77.1716954
531,271765,Mumbai,19.0785451,72.878176
532,271762,Gurgaon,28.4646148,77.0299194
533,271769,Bangalore,12.9767936,77.590082
534,271755,Bangalore,12.9767936,77.590082
535,271760,Bangalore,12.9767936,77.590082
536,271756,Bangalore,12.9767936,77.590082
537,271742,Gurgaon,28.4646148,77.0299194
538,271749,Hyderabad,17.360589,78.4740613
539,271745,Hyderabad,17.360589,78.4740613
540,271747,Bangalore,12.9767936,77.590082
541,271748,Agra,27.1752554,78.0098161
542,271754,Bangalore,12.9767936,77.590082
543,271746,Bangalore,12.9767936,77.590082
544,271743,Gurgaon,28.4646148,77.0299194
545,271735,Agra,27.1752554,78.0098161
546,271728,Pune,18.521428,73.8544541
547,271741,Bangalore,12.9767936,77.590082
548,271736,Bangalore,12.9767936,77.590082
549,271731,Bangalore,12.9767936,77.590082
550,271733,Bangalore,12.9767936,77.590082
551,271740,Bangalore,12.9767936,77.590082
552,271734,Bangalore,12.9767936,77.590082
553,271729,Bangalore,12.9767936,77.590082
554,271721,Agra,27.1752554,78.0098161
555,271726,Bangalore,12.9767936,77.590082
556,271723,Bangalore,12.9767936,77.590082
557,271724,Kolkata,22.5726459,88.3638953
558,271712,Bangalore,12.9767936,77.590082
559,271720,Pune,18.521428,73.8544541
560,271714,Bangalore,12.9767936,77.590082
561,271717,Bangalore,12.9767936,77.590082
562,271719,Noida,28.5706333,77.3272147
563,271718,Bangalore,12.9767936,77.590082
564,271713,Bangalore,12.9767936,77.590082
565,271716,Bangalore,12.9767936,77.590082
566,271704,Bangalore,12.9767936,77.590082
567,271708,Hyderabad,17.360589,78.4740613
568,271711,Bangalore,12.9767936,77.590082
569,271709,Bangalore,12.9767936,77.590082
570,271706,Udaipur,24.578721,73.6862571
571,271707,Bangalore,12.9767936,77.590082
572,271703,Bangalore,12.9767936,77.590082
573,271705,Bangalore,12.9767936,77.590082
574,271710,Panaji,15.4989946,73.8282141
575,271695,Bangalore,12.9767936,77.590082
576,271693,Hyderabad,17.360589,78.4740613
577,271699,Hyderabad,17.360589,78.4740613
578,271702,Bangalore,12.9767936,77.590082
579,271697,Bangalore,12.9767936,77.590082
580,271701,Bangalore,12.9767936,77.590082
581,271690,Bangalore,12.9767936,77.590082
582,271689,Bangalore,12.9767936,77.590082
583,271679,Kolkata,22.5726459,88.3638953
584,271681,Kochi,9.9674277,76.2454436
585,271683,Nagpur,21.1498134,79.0820556
586,271685,Bhubaneshwar,20.2602964,85.8394521
587,271682,Agra,27.1752554,78.0098161
588,271680,Gurgaon,28.4646148,77.0299194
589,271684,Bangalore,12.9767936,77.590082
590,271687,Bangalore,12.9767936,77.590082
591,271678,Bangalore,12.9767936,77.590082
592,271675,Agra,27.1752554,78.0098161
593,271670,Chennai,13.0836939,80.270186
594,271674,Chennai,13.0836939,80.270186
595,271669,Hyderabad,17.360589,78.4740613
596,271673,Kolkata,22.5726459,88.3638953
597,271668,Mumbai,19.0785451,72.878176
598,271676,Greater Noida,28.4670734,77.5137649
599,271671,Hyderabad,17.360589,78.4740613
600,271666,Bangalore,12.9767936,77.590082
601,271663,Noida,28.5706333,77.3272147
602,271667,Bangalore,12.9767936,77.590082
603,271661,Mumbai,19.0785451,72.878176
604,271664,Pune,18.521428,73.8544541
605,271662,Bangalore,12.9767936,77.590082
606,271655,Mumbai,19.0785451,72.878176
607,271659,Agra,27.1752554,78.0098161
608,271656,Bangalore,12.9767936,77.590082
609,271658,Bangalore,12.9767936,77.590082
610,271654,Delhi,28.6273928,77.1716954
611,271650,Hyderabad,17.360589,78.4740613
612,271651,Delhi,28.6273928,77.1716954
613,271653,Bangalore,12.9767936,77.590082
614,271639,Pune,18.521428,73.8544541
615,271646,Bangalore,12.9767936,77.590082
616,271648,Hyderabad,17.360589,78.4740613
617,271644,Mumbai,19.0785451,72.878176
618,271647,Bangalore,12.9767936,77.590082
619,271637,Bangalore,12.9767936,77.590082
620,271634,Bangalore,12.9767936,77.590082
621,271638,Agra,27.1752554,78.0098161
622,271633,Noida,28.5706333,77.3272147
623,271636,Bangalore,12.9767936,77.590082
624,271635,Mumbai,19.0785451,72.878176
625,271631,Mumbai,19.0785451,72.878176
626,271630,Bangalore,12.9767936,77.590082
627,271620,Agra,27.1752554,78.0098161
628,271622,Gurgaon,28.4646148,77.0299194
629,271626,Delhi,28.6273928,77.1716954
630,271629,Mumbai,19.0785451,72.878176
631,271625,Bangalore,12.9767936,77.590082
632,271627,Bangalore,12.9767936,77.590082
633,271624,Bangalore,12.9767936,77.590082
634,271619,Chennai,13.0836939,80.270186
635,271615,Chandigarh,30.7334421,76.7797143
636,271607,Pune,18.521428,73.8544541
637,271613,Chennai,13.0836939,80.270186
638,271609,Pune,18.521428,73.8544541
639,271610,Mumbai,19.0785451,72.878176
640,271611,Hyderabad,17.360589,78.4740613
641,271614,Bangalore,12.9767936,77.590082
642,271617,Bangalore,12.9767936,77.590082
643,271612,Bangalore,12.9767936,77.590082
644,271601,Chennai,13.0836939,80.270186
645,271606,Bangalore,12.9767936,77.590082
646,271597,Kolkata,22.5726459,88.3638953
647,271599,Kochi,9.9674277,76.2454436
648,271600,Delhi,28.6273928,77.1716954
649,271598,Bangalore,12.9767936,77.590082
650,271603,Bangalore,12.9767936,77.590082
651,271584,Hyderabad,17.360589,78.4740613
652,271588,Bangalore,12.9767936,77.590082
653,271594,Bangalore,12.9767936,77.590082
654,271586,Mumbai,19.0785451,72.878176
655,271590,Pune,18.521428,73.8544541
656,271591,Bangalore,12.9767936,77.590082
657,271593,Chennai,13.0836939,80.270186
658,271595,Hyderabad,17.360589,78.4740613
659,271582,Gurgaon,28.4646148,77.0299194
660,271580,Chandigarh,30.7334421,76.7797143
661,271576,Bangalore,12.9767936,77.590082
662,271573,Agra,27.1752554,78.0098161
663,271583,Bangalore,12.9767936,77.590082
664,271571,Bangalore,12.9767936,77.590082
665,271577,Gurgaon,28.4646148,77.0299194
666,271570,Delhi,28.6273928,77.1716954
667,271574,Bangalore,12.9767936,77.590082
668,271560,Bangalore,12.9767936,77.590082
669,271565,Coimbatore,11.0018115,76.9628425
670,271563,Chennai,13.0836939,80.270186
671,271561,Mumbai,19.0785451,72.878176
672,271562,Pune,18.521428,73.8544541
673,271557,Bangalore,12.9767936,77.590082
674,271564,Bangalore,12.9767936,77.590082
675,271569,Delhi,28.6273928,77.1716954
676,271559,Jaipur,26.9154576,75.8189817
677,271555,Bangalore,12.9767936,77.590082
678,271552,Agra,27.1752554,78.0098161
679,271545,Pune,18.521428,73.8544541
680,271548,Agra,27.1752554,78.0098161
681,271549,Agra,27.1752554,78.0098161
682,271550,Mumbai,19.0785451,72.878176
683,271546,Kolkata,22.5726459,88.3638953
684,271547,Delhi,28.6273928,77.1716954
685,271538,Bangalore,12.9767936,77.590082
686,271543,Bangalore,12.9767936,77.590082
687,271537,Bangalore,12.9767936,77.590082
688,271536,Mumbai,19.0785451,72.878176
689,271544,Hyderabad,17.360589,78.4740613
690,271540,Pune,18.521428,73.8544541
691,271541,Bangalore,12.9767936,77.590082
692,271542,Chennai,13.0836939,80.270186
693,271539,Chennai,13.0836939,80.270186
694,271534,Mumbai,19.0785451,72.878176
695,271528,Bangalore,12.9767936,77.590082
696,271527,Agra,27.1752554,78.0098161
697,271531,Mumbai,19.0785451,72.878176
698,271533,Hyderabad,17.360589,78.4740613
699,271526,Mumbai,19.0785451,72.878176
700,271512,Delhi,28.6273928,77.1716954
701,271510,Bangalore,12.9767936,77.590082
702,271513,Bangalore,12.9767936,77.590082
703,271520,Pune,18.521428,73.8544541
704,271515,Chennai,13.0836939,80.270186
705,271516,Bangalore,12.9767936,77.590082
706,271517,Hyderabad,17.360589,78.4740613
707,271518,Mumbai,19.0785451,72.878176
708,271511,Bangalore,12.9767936,77.590082
709,271519,Bangalore,12.9767936,77.590082
710,271509,Agra,27.1752554,78.0098161
711,271505,Bangalore,12.9767936,77.590082
712,271508,Bangalore,12.9767936,77.590082
713,271497,Bangalore,12.9767936,77.590082
714,271500,Agra,27.1752554,78.0098161
715,271506,Bangalore,12.9767936,77.590082
716,271499,Bangalore,12.9767936,77.590082
717,271507,Gurgaon,28.4646148,77.0299194
718,271498,Bangalore,12.9767936,77.590082
719,271492,Hyderabad,17.360589,78.4740613
720,271490,Pune,18.521428,73.8544541
721,271494,Gurgaon,28.4646148,77.0299194
722,271491,Mumbai,19.0785451,72.878176
723,271487,Hyderabad,17.360589,78.4740613
724,271488,Bangalore,12.9767936,77.590082
725,271495,Mumbai,19.0785451,72.878176
726,271493,Gurgaon,28.4646148,77.0299194
727,271486,Bangalore,12.9767936,77.590082
728,271484,Kochi,9.9674277,76.2454436
729,271479,Hyderabad,17.360589,78.4740613
730,271477,Agra,27.1752554,78.0098161
731,271482,Bangalore,12.9767936,77.590082
732,271481,Hyderabad,17.360589,78.4740613
733,271485,Bangalore,12.9767936,77.590082
734,271476,Bangalore,12.9767936,77.590082
735,271483,Ahmedabad,23.0216238,72.5797068
736,271464,Gurgaon,28.4646148,77.0299194
737,271468,Mathura,27.633333,77.583333
738,271467,Bangalore,12.9767936,77.590082
739,271465,Bangalore,12.9767936,77.590082
740,271470,Hyderabad,17.360589,78.4740613
741,271469,Bangalore,12.9767936,77.590082
742,271472,Bangalore,12.9767936,77.590082
743,271466,Indore,22.7203616,75.8681996
744,271457,Agra,27.1752554,78.0098161
745,271454,Agra,27.1752554,78.0098161
746,271455,Gurgaon,28.4646148,77.0299194
747,271458,Chennai,13.0836939,80.270186
748,271462,Bangalore,12.9767936,77.590082
749,271460,Mumbai,19.0785451,72.878176
750,271463,Bangalore,12.9767936,77.590082
751,271456,Agra,27.1752554,78.0098161
752,271459,Bangalore,12.9767936,77.590082
753,271461,Bangalore,12.9767936,77.590082
754,271452,Agra,27.1752554,78.0098161
755,271446,Bangalore,12.9767936,77.590082
756,271445,Delhi,28.6273928,77.1716954
757,271448,Bangalore,12.9767936,77.590082
758,271453,Indore,22.7203616,75.8681996
759,271444,Chennai,13.0836939,80.270186
760,271447,Hyderabad,17.360589,78.4740613
761,271449,Gurgaon,28.4646148,77.0299194
762,271439,Bangalore,12.9767936,77.590082
763,271443,Agra,27.1752554,78.0098161
764,271437,Gurgaon,28.4646148,77.0299194
765,271440,Delhi,28.6273928,77.1716954
766,271442,Mumbai,19.0785451,72.878176
767,271436,Bangalore,12.9767936,77.590082
768,271441,Hyderabad,17.360589,78.4740613
769,271438,Bangalore,12.9767936,77.590082
770,271424,Jaipur,26.9154576,75.8189817
771,271434,Gurgaon,28.4646148,77.0299194
772,271432,Bangalore,12.9767936,77.590082
773,271435,Bangalore,12.9767936,77.590082
774,271421,Bangalore,12.9767936,77.590082
775,271423,Hyderabad,17.360589,78.4740613
776,271433,Agra,27.1752554,78.0098161
777,271431,Bangalore,12.9767936,77.590082
778,271430,Hyderabad,17.360589,78.4740613
779,271408,Hyderabad,17.360589,78.4740613
780,271414,Noida,28.5706333,77.3272147
781,271419,Chennai,13.0836939,80.270186
782,271416,Hyderabad,17.360589,78.4740613
783,271415,Jaipur,26.9154576,75.8189817
784,271406,Gurgaon,28.4646148,77.0299194
